<?xml version="1.0" encoding="UTF-8"?>
<project-private xmlns="http://www.netbeans.org/ns/project-private/1">
    <editor-bookmarks xmlns="http://www.netbeans.org/ns/editor-bookmarks/2" lastBookmarkId="0"/>
    <open-files xmlns="http://www.netbeans.org/ns/projectui-open-files/2">
        <group>
            <file>file:/C:/Users/Serkan/Documents/NetBeansProjects/2.%20yarıyıl/2/0_LMS_Demo/src/lms/Ders.java</file>
            <file>file:/C:/Users/Serkan/Documents/NetBeansProjects/2.%20yarıyıl/2/0_LMS_Demo/src/lms/Ogrenci.java</file>
            <file>file:/C:/Users/Serkan/Documents/NetBeansProjects/2.%20yarıyıl/2/0_LMS_Demo/src/lms/Egitmen.java</file>
            <file>file:/C:/Users/Serkan/Documents/NetBeansProjects/2.%20yarıyıl/2/0_LMS_Demo/src/lms/Main.java</file>
            <file>file:/C:/Users/Serkan/Documents/NetBeansProjects/2.%20yarıyıl/2/0_LMS_Demo/src/lms/Kisi.java</file>
        </group>
    </open-files>
</project-private>
